"買賣案件:新北市新店區房地(土地+建物),建物,106 年 11 月 至106 年 12 月",,,,,,,,,,,,,,,,,,,
地段位置或門牌,社區簡稱,交易年月,總價(萬元),單價,總面積,主建物佔比,型態,屋齡,樓別/樓高,交易標的,交易筆棟數,建物現況格局,車位總價,管理組織,電梯,主要用途,備註,,
,,,,(萬元/坪),(坪),,,,,,,,(萬元),,,,,,
錦秀路７２巷６號,,106/12/31,1350,0,80.01,,透天厝,31,全/三層,房地(土地+建物),土:1 建:1車:0,4房2廳4衛,,有,無,住家用,含增建或未登記建物。含增建或未登記建物。;,,
中央二街１２號３樓,尊榮皇家第六期華廈,106/12/31,1300,38.3,33.9,84.06%,公寓(5樓含以下無電梯),34,三層/五層,房地(土地+建物),土:1 建:1車:0,3房2廳2衛,,無,無,住家用,含增建或未登記建物。含增建或未登記建物。;,,
寶橋路７８巷１１８號５樓,玉上園,106/12/31,1868,47.8,39.1,60.51%,住宅大樓(11層含以上有電梯),4,五層/十四層,房地(土地+建物),土:1 建:1車:0,3房2廳2衛,,有,無,住家用,共有人數2人。含增建或未登記建物。含增建或未登記建物。;,,
永安街６６號三樓,,106/12/31,810,24.3,33.29,100.00%,公寓(5樓含以下無電梯),39,三層/四層,房地(土地+建物),土:1 建:1車:0,3房2廳2衛,,無,無,住家用,,,
北宜路一段１６６號４樓,新城市新殿,106/12/31,750,41.8,17.94,70.71%,住宅大樓(11層含以上有電梯),20,四層/十二層,房地(土地+建物),土:1 建:1車:0,2房2廳1衛,,有,無,住家用,含增建或未登記建物含增建或未登記建物。;,,
新店路２６２之１２號十九樓,碧潭有約,106/12/30,980,65.3,15,61.48%,套房(1房(1廳)1衛),9,十九層/十九層,房地(土地+建物),土:1 建:1車:0,1房1廳1衛,,有,無,住家用,,,
秀岡五街２９號,,106/12/30,3000,0,59.53,,透天厝,20,全/二層,房地(土地+建物),土:1 建:1車:0,4房2廳3衛,,有,無,住家用,地政士僅受託買賣案件申請登記，並無代理撰擬不動產買賣契約書，係由不動產經紀業或權利人自行提供成交案件實際資訊，供地政士申報登錄(含增建或未登記建物)。含增建或未登記建物。;,,
安德街１１６巷２６弄１０號３樓,浪漫山林,106/12/30,800,29.8,26.87,69.82%,華廈(10層含以下有電梯),24,三層/七層,房地(土地+建物),土:1 建:1車:0,3房2廳1衛,,有,無,住家用,含增建或未登記建物。含增建或未登記建物。;,,
安忠路８４巷１０號,21City花園廣場三區,106/12/30,1050,32.3,32.49,64.79%,華廈(10層含以下有電梯),9,一層/六層,房地(土地+建物),土:3 建:1車:0,1房2廳2衛,,有,無,商業用,含增建或未登記建物含增建或未登記建物。;,,
安忠路５７巷２９號３樓,御林園,106/12/29,1025,34.5,29.74,60.92%,住宅大樓(11層含以上有電梯),1,三層/十二層,房地(土地+建物),土:1 建:1車:0,3房1廳2衛,,有,無,住家用,,,
安民街１５６巷２８號二樓,博覽天下莫內,106/12/29,900,35.5,25.38,61.45%,住宅大樓(11層含以上有電梯),8,二層/十三層,房地(土地+建物),土:1 建:1車:0,2房2廳1衛,,有,無,住家用,,,
寶興路６４巷２７號四樓,,106/12/29,270,8.5,31.93,83.35%,公寓(5樓含以下無電梯),39,四層/四層,房地(土地+建物),土:1 建:1車:0,3房2廳1衛,,有,無,住家用,親友、員工或其他特殊關係間之交易。 不動產買方2人共有。親友、員工或其他特殊關係間之交易。;,,
寶安街３８號二樓,,106/12/29,1200,42.1,28.52,100.00%,公寓(5樓含以下無電梯),39,二層/五層,房地(土地+建物),土:1 建:1車:0,3房2廳1衛,,無,無,住家用,,,
達觀路１４巷３號十一樓,達觀鎮A2,106/12/29,590,16.8,35.19,68.28%,住宅大樓(11層含以上有電梯),21,十一層/十七層,房地(土地+建物),土:2 建:1車:0,3房2廳2衛,,有,無,住家用,,,
中央三街１２１巷１１號２５樓,希望之河,106/12/29,988,42.6,23.17,67.06%,住宅大樓(11層含以上有電梯),18,二十五層/二十七層,房地(土地+建物),土:1 建:1車:0,2房2廳1衛,,有,無,住家用,含增建或未登記建物。含增建或未登記建物。;,,
寶橋路２４０號三樓,,106/12/29,720,26.4,27.26,94.60%,公寓(5樓含以下無電梯),39,三層/四層,房地(土地+建物),土:1 建:1車:0,3房2廳2衛,,無,無,工業用,,,
安興路９５巷３７號,敦南花園,106/12/29,3900,0,119.06,,透天厝,5,全/三層,房地(土地+建物),土:2 建:2車:0,5房2廳6衛,,有,無,住家用,,,
寶橋路７２號４樓,群星會,106/12/29,220,11.8,18.7,13.62%,住宅大樓(11層含以上有電梯),15,四層/十四層,房地(土地+建物),土:1 建:1車:0,3房2廳2衛,,有,無,住家用,親友、員工或其他特殊關係間之交易。親友、員工或其他特殊關係間之交易。;,,
寶橋路７２號４樓,群星會,106/12/29,220,11.8,18.7,13.62%,住宅大樓(11層含以上有電梯),15,四層/十四層,房地(土地+建物),土:1 建:1車:0,3房2廳2衛,,有,無,住家用,親友、員工或其他特殊關係間之交易。親友、員工或其他特殊關係間之交易。;,,
國校路２０號五樓,,106/12/29,495,24.7,20.07,86.47%,公寓(5樓含以下無電梯),34,五層/五層,房地(土地+建物),土:1 建:1車:0,2房2廳1衛,,無,無,住家用,親友關係之交易親友、員工或其他特殊關係間之交易。;,,
安祥路１１０巷５９號十三樓,綠野香坡,106/12/28,420,12.2,34.29,55.81%,住宅大樓(11層含以上有電梯),22,十三層/十七層,房地(土地+建物),土:1 建:1車:0,2房1廳1衛,,有,無,住家用,,,
錦秀路５７巷５號二樓,,106/12/28,360,16.5,21.78,88.61%,公寓(5樓含以下無電梯),36,二層/五層,房地(土地+建物),土:2 建:1車:0,3房2廳1衛,,無,無,住家用,,,
安光路３０號十樓,勝旺有境,106/12/28,1153,35.8,32.23,63.40%,住宅大樓(11層含以上有電梯),1,十層/二十一層,房地(土地+建物),土:1 建:1車:0,2房1廳1衛,,有,無,住家用,建物第一次登記後移轉,,
錦秀路１１巷７５號,,106/12/28,906,0,81.87,,透天厝,28,全/三層,房地(土地+建物),土:3 建:1車:0,4房2廳3衛,,有,無,住家用,,,
華城一路１巷１４號,,106/12/28,3466,0,87.1,,透天厝,23,全/二層,房地(土地+建物),土:2 建:1車:0,8房5廳6衛,,有,無,住家用,有增建含增建或未登記建物。;,,
安康路二段１４２巷２０號四樓,公崙華城,106/12/28,1100,19.8,55.63,55.44%,住宅大樓(11層含以上有電梯),12,四層/十四層,房地(土地+建物),土:1 建:1車:0,3房2廳2衛,,有,無,住家用,親友、員工或其他特殊關係間之交易。親友、員工或其他特殊關係間之交易。;,,
安德街１１６巷３２號五樓,台北舊金山捷運年代,106/12/28,586,28.8,20.38,82.52%,住宅大樓(11層含以上有電梯),23,五層/十二層,房地(土地+建物),土:1 建:1車:0,1房1廳1衛,,有,無,住家用,,,
安民街２１號６樓之２,及人吉第,106/12/27,408,33.3,12.26,61.49%,套房(1房(1廳)1衛),22,六層/七層,房地(土地+建物),土:1 建:1車:0,1房1廳1衛,,有,無,住家用,含增建或未登記建物。含增建或未登記建物。;,,
三民路７５巷９弄５號２樓,,106/12/27,1234,36.3,34.03,84.88%,公寓(5樓含以下無電梯),45,二層/四層,房地(土地+建物),土:1 建:1車:0,4房2廳2衛,,無,無,住家用,含增建或未登記建物。含增建或未登記建物。;,,
安民街７５號６樓,山水畫樓C區,106/12/27,1030,31.5,32.68,77.36%,華廈(10層含以下有電梯),22,六層/八層,房地(土地+建物),土:1 建:1車:0,3房2廳2衛,,有,無,住家用,,,
德正街２７巷２９弄７６號,,106/12/27,1650,56.1,29.39,100.00%,公寓(5樓含以下無電梯),40,一層/四層,房地(土地+建物),土:1 建:1車:0,3房2廳2衛,,無,無,住家用,含增建或未登記建物。含增建或未登記建物。;,,
大豐路４１巷１１號及１１號三樓,,106/12/27,1210,28.7,42.12,100.00%,公寓(5樓含以下無電梯),45,一層/四層,房地(土地+建物),土:1 建:2車:0,3房2廳1衛,,無,無,住家用,本不動產係屬近親(一親等)間之買賣行為. 本不動產交易兩建物現況格局均為3房2聽1衛.親友、員工或其他特殊關係間之交易。;,,
安忠路５７巷１９號四樓,御林園,106/12/26,688,36.5,18.84,61.92%,套房(1房(1廳)1衛),1,四層/十二層,房地(土地+建物),土:1 建:1車:0,1房1廳1衛,,有,無,住家用,建物第一次登記後移轉,,
安民街３７９巷２８號　,,106/12/26,1088,29,37.56,83.67%,公寓(5樓含以下無電梯),27,"一層,夾層/五層",房地(土地+建物),土:2 建:1車:0,4房2廳2衛,,有,無,住家用,,,
三民路１６５號二樓,,106/12/26,1100,35.9,30.61,94.17%,公寓(5樓含以下無電梯),39,二層/五層,房地(土地+建物),土:1 建:1車:0,3房2廳1衛,,無,無,住家用,,,
中正路３９４號二樓,,106/12/26,1000,33.2,30.16,100.00%,公寓(5樓含以下無電梯),,二層/四層,房地(土地+建物),土:1 建:1車:0,3房2廳1衛,,無,無,住家用,本不動產交易係屬近親(一親等)間之買賣行為.親友、員工或其他特殊關係間之交易。;,,
如意街８２號,北城大亨,106/12/25,1230,36.3,33.91,,店面（店舖),28,"一層,地下一層/五層",房地(土地+建物),土:1 建:1車:0,,,有,無,住商用,含增建或未登記建物。含增建或未登記建物。;,,
北宜路二段１０２巷１弄１號二樓,,106/12/25,240,8.2,29.3,81.99%,公寓(5樓含以下無電梯),31,二層/五層,房地(土地+建物),土:1 建:1車:0,3房2廳2衛,,有,無,住家用,親友、員工或其他特殊關係間之交易。親友、員工或其他特殊關係間之交易。;,,
安民街３６５巷１弄９號二樓,,106/12/25,720,22.9,31.38,83.76%,公寓(5樓含以下無電梯),27,二層/五層,房地(土地+建物),土:2 建:1車:0,3房1廳2衛,,有,無,住家用,,,
寶慶街３９號９樓,雙興天廈,106/12/25,1100,48.6,22.65,80.77%,住宅大樓(11層含以上有電梯),22,九層/十二層,房地(土地+建物),土:1 建:1車:0,2房2廳1衛,,有,無,住家用,含增建或未登記建物。含增建或未登記建物。;,,
三民路１５９巷１９弄３８號,,106/12/25,2000,0,41.8,,透天厝,45,全/三層,房地(土地+建物),土:2 建:1車:0,4房2廳3衛,,無,無,住家用,親友、員工或其他特殊關係間之交易。;,,
百忍街９巷２號３樓,,106/12/25,950,35,27.13,86.51%,公寓(5樓含以下無電梯),46,三層/四層,房地(土地+建物),土:1 建:1車:0,3房2廳2衛,,無,無,住家用,,,
中央路１６７之５號,美河市住辦區,106/12/25,1250,42.1,29.71,57.47%,住宅大樓(11層含以上有電梯),5,一層/二十層,房地(土地+建物),土:3 建:1車:0,,,有,無,辦公用,,,
寶高路１２０巷７弄１號４樓,,106/12/25,760,25.8,29.41,87.55%,公寓(5樓含以下無電梯),36,四層/五層,房地(土地+建物),土:2 建:1車:0,3房2廳2衛,,無,無,住家用,親友、員工或其他特殊關係間之交易。親友、員工或其他特殊關係間之交易。;,,
中興路２段１７７號８樓,園頂,106/12/24,1398,51.2,27.32,57.13%,住宅大樓(11層含以上有電梯),1,八層/二十六層,房地(土地+建物),土:1 建:1車:0,2房2廳1衛,,有,無,住家用,,,
安德街１３０巷２４號３樓,,106/12/24,620,21.3,29.14,90.96%,公寓(5樓含以下無電梯),30,三層/五層,房地(土地+建物),土:1 建:1車:0,3房2廳2衛,,無,無,住家用,,,
環河路３８號１０樓之２,天闊,106/12/24,1070,39.9,26.82,64.53%,住宅大樓(11層含以上有電梯),18,十層/三十六層,房地(土地+建物),土:2 建:1車:0,2房2廳1衛,,有,無,住家用,含增建或未登記建物。權利人共2人。含增建或未登記建物。;,,
永安街８３巷１３號１２樓,君臨大地,106/12/24,363,29.7,12.22,78.99%,套房(1房(1廳)1衛),25,十二層/十四層,房地(土地+建物),土:1 建:1車:0,1房1廳1衛,,有,無,住家用,含增建或未登記建物。含增建或未登記建物。;,,
安康路二段１９７巷１５號,,106/12/23,830,31.9,26.02,100.00%,公寓(5樓含以下無電梯),37,"一層,平台/五層",房地(土地+建物),土:1 建:1車:0,3房2廳1衛,,無,無,商業用,,,
建國路２５７號８樓之８,啟昇之星商業,106/12/23,760,58.5,12.99,62.60%,套房(1房(1廳)1衛),9,八層/九層,房地(土地+建物),土:1 建:1車:0,0房1廳1衛,,有,無,辦公用,含增建或未登記建物。含增建或未登記建物。;,,
錦秀路５２巷８號４樓,,106/12/23,400,17.9,22.38,88.11%,公寓(5樓含以下無電梯),36,四層/五層,房地(土地+建物),土:8 建:1車:0,2房2廳1衛,,無,無,住家用,權利人地址有難字無法顯示。含增建或未登記建物。含增建或未登記建物。;,,
新店路２６０之５號１４樓,碧潭有約,106/12/23,2396,54,44.38,61.72%,住宅大樓(11層含以上有電梯),9,十四層/十九層,房地(土地+建物),土:1 建:1車:0,3房2廳2衛,,有,無,住家用,,,
安祥路１０２巷７５號,彩蝶,106/12/23,1375,0,64.33,,透天厝,21,全/三層,房地(土地+建物),土:8 建:1車:0,5房3廳3衛,,有,無,住家用,,,
民族路４５號９樓,龍邦新苑,106/12/23,1880,50,37.6,66.21%,住宅大樓(11層含以上有電梯),17,九層/十三層,房地(土地+建物),土:1 建:1車:0,3房2廳2衛,,有,無,住家用,含增建或未登記建物。含增建或未登記建物。;,,
文化路３７巷３０號四樓,,106/12/22,860,40.4,21.3,100.00%,公寓(5樓含以下無電梯),44,四層/四層,房地(土地+建物),土:1 建:1車:0,3房2廳1衛,,無,無,住家用,,,
青山路３９９巷１６號,晴山匯,106/12/22,5333,0,106.66,,透天厝,3,全/三層,房地(土地+建物),土:2 建:1車:0,3房2廳2衛,,有,無,住家用,,,
安民街１２１巷１０號１１樓之１,美麗心殿,106/12/22,685,32.8,20.91,68.00%,住宅大樓(11層含以上有電梯),22,十一層/十六層,房地(土地+建物),土:1 建:1車:0,2房2廳1衛,,有,無,住家用,,,
安德街８號十三樓,K6湛,106/12/22,1025,35.9,28.51,59.83%,住宅大樓(11層含以上有電梯),2,十三層/十四層,房地(土地+建物),土:1 建:1車:0,2房2廳1衛,,有,無,住家用,建物第一次登記後移轉,,
寶橋路１３號三樓,,106/12/21,600,24.5,24.47,100.00%,公寓(5樓含以下無電梯),44,三層/五層,房地(土地+建物),土:1 建:1車:0,3房2廳1衛,,無,無,住家用,二等親買賣,,
安忠路１６２號,大學詩鄉,106/12/21,3200,0,103.21,,透天厝,23,全/三層,房地(土地+建物),土:2 建:3車:0,5房2廳3衛,,有,無,住家用,,,
花園六路二段５－４０３號,花園新城,106/12/21,160,22,7.28,100.00%,華廈(10層含以下有電梯),45,四層/--,房地(土地+建物),土:1 建:1車:0,,,有,無,住家用,,,
復興路１００號八樓,富裔河,106/12/20,5440,56.7,95.96,58.44%,住宅大樓(11層含以上有電梯),1,八層/二十三層,房地(土地+建物),土:1 建:1車:0,3房2廳4衛,,有,無,住家用,,,
中正路７１號１４樓,吉美君品,106/12/20,5980,60.3,99.2,59.85%,住宅大樓(11層含以上有電梯),3,十四層/二十八層,房地(土地+建物),土:1 建:1車:0,4房2廳3衛,,有,無,住家用,,,
民權路１１９號９樓,新店台北新廈,106/12/20,2050,49.1,41.73,76.79%,華廈(10層含以下有電梯),29,九層/十層,房地(土地+建物),土:1 建:1車:0,3房2廳2衛,,有,無,住家用,含增建或未登記建物。含增建或未登記建物。;,,
安康路二段１４７之５號２樓,21City花園廣場二區,106/12/19,1000,27.5,36.42,65.91%,華廈(10層含以下有電梯),9,二層/七層,房地(土地+建物),土:2 建:1車:0,3房2廳2衛,,有,無,住家用,,,
檳榔路４３巷３號三樓,,106/12/19,835,31.6,26.44,86.02%,公寓(5樓含以下無電梯),39,三層/五層,房地(土地+建物),土:1 建:1車:0,3房2廳1衛,,無,無,住家用,,,
梅崗一路１０－２０３號,,106/12/19,1520,42.9,35.42,100.00%,公寓(5樓含以下無電梯),33,一層/五層,房地(土地+建物),土:4 建:1車:0,2房2廳2衛,,有,無,住家用,,,
寶橋路７８巷９０號８樓,玉上園,106/12/19,2450,50.1,48.9,59.81%,住宅大樓(11層含以上有電梯),4,八層/二十七層,房地(土地+建物),土:1 建:1車:0,3房2廳2衛,,有,無,住家用,,,
福園街２３巷９號五樓,,106/12/19,530,30.4,17.43,100.00%,公寓(5樓含以下無電梯),38,五層/五層,房地(土地+建物),土:1 建:1車:0,3房2廳2衛,,無,無,住家用,親友、員工或其他特殊關係間之交易。親友、員工或其他特殊關係間之交易。;,,
復興路１００號十二樓,富裔河,106/12/18,5630,58.7,95.96,58.44%,住宅大樓(11層含以上有電梯),1,十二層/二十三層,房地(土地+建物),土:1 建:1車:0,3房2廳4衛,,有,無,住家用,,,
復興路１０２號十五樓,富裔河,106/12/18,5900,61.5,95.97,58.74%,住宅大樓(11層含以上有電梯),1,十五層/二十三層,房地(土地+建物),土:1 建:1車:0,3房2廳4衛,,有,無,住家用,,,
寶橋路７８巷１２號九樓,玉上園,106/12/18,1420,39,36.39,60.26%,住宅大樓(11層含以上有電梯),4,九層/二十三層,房地(土地+建物),土:1 建:1車:0,3房2廳2衛,,有,無,住家用,親友、員工或其他特殊關係間之交易。親友、員工或其他特殊關係間之交易。;,,
檳榔路４１巷２號４樓,,106/12/18,815,26.3,30.97,92.61%,公寓(5樓含以下無電梯),39,四層/五層,房地(土地+建物),土:1 建:1車:0,5房2廳1衛,,無,無,住家用,含增建或未登記建物。含增建或未登記建物。;,,
北新路一段７６號十六樓之７,創新殿,106/12/18,1844,62.6,29.47,59.13%,住宅大樓(11層含以上有電梯),,十六層/三十層,房地(土地+建物),土:1 建:1車:0,2房2廳1衛,,無,有,住家用,建物第一次登記後移轉 預售屋雨遮不計價。含裝潢費;含傢俱設備費;預售屋、或土地及建物分件登記案件;,,
中央路１０５巷１４號８樓,國家名人巷,106/12/17,1075,50.2,21.43,70.25%,住宅大樓(11層含以上有電梯),20,八層/十五層,房地(土地+建物),土:1 建:1車:0,2房2廳1衛,,有,無,住家用,共有人數2人。含增建或未登記建物。含增建或未登記建物。;,,
博愛街１９巷２號一樓,,106/12/17,1200,57.4,20.91,88.26%,公寓(5樓含以下無電梯),47,一層/四層,房地(土地+建物),土:3 建:1車:0,4房2廳2衛,,無,無,住家用,,,
中央路１３３巷２０弄７號四樓,,106/12/17,1100,37.7,29.22,100.00%,公寓(5樓含以下無電梯),,四層/四層,房地(土地+建物),土:1 建:1車:0,3房2廳2衛,,有,無,住家用,,,
寶慶街５８巷１弄１號３樓,,106/12/17,1038,40.3,25.79,100.00%,公寓(5樓含以下無電梯),39,三層/四層,房地(土地+建物),土:1 建:1車:0,3房2廳2衛,,無,無,住家用,含增建或未登記建物。含增建或未登記建物。;,,
中興路２段１８３號６樓,園頂,106/12/17,1620,46.5,34.83,58.34%,住宅大樓(11層含以上有電梯),1,六層/二十六層,房地(土地+建物),土:1 建:1車:0,3房2廳2衛,,有,無,住家用,,,
安德街７１巷２２號２樓,浪漫貴族,106/12/17,750,32.5,23.08,64.28%,住宅大樓(11層含以上有電梯),26,二層/十一層,房地(土地+建物),土:1 建:1車:0,2房2廳1衛,,有,無,住家用,含增建或未登記建物含增建或未登記建物。;,,
三民路１６５號３樓,,106/12/16,1110,33.4,33.27,86.64%,公寓(5樓含以下無電梯),38,三層/五層,房地(土地+建物),土:1 建:1車:0,3房2廳2衛,,無,無,住家用,含增建或未登記建物。含增建或未登記建物。;,,
新烏路一段１１巷１弄１４號,,106/12/16,850,30,28.29,85.21%,公寓(5樓含以下無電梯),35,一層/五層,房地(土地+建物),土:1 建:1車:0,3房2廳1衛,,無,無,住家用,含增建一樓空地及平台含增建或未登記建物。;,,
自由街４６號２樓,,106/12/16,1150,34.8,33.09,87.10%,公寓(5樓含以下無電梯),43,二層/四層,房地(土地+建物),土:1 建:1車:0,3房2廳1衛,,無,無,住家用,含增建或未登記建物。含增建或未登記建物。;,,
廣興路７號六樓,山水天廈,106/12/15,580,25.5,22.71,60.42%,套房(1房(1廳)1衛),7,六層/七層,房地(土地+建物),土:1 建:1車:0,1房1廳1衛,,有,無,住家用,溫泉湯屋 賣方賣清，土地增值稅由買方繳納,,
中央路１３３巷１５弄３號四樓,,106/12/15,650,33.8,19.26,100.00%,公寓(5樓含以下無電梯),,四層/四層,房地(土地+建物),土:1 建:1車:0,4房2廳2衛,,無,無,住家用,,,
北新路一段１２號７樓,福華天下,106/12/15,1950,52.6,37.07,65.95%,住宅大樓(11層含以上有電梯),18,七層/十八層,房地(土地+建物),土:1 建:1車:0,3房1廳1衛,,有,無,住家用,親友、員工或其他特殊關係間之交易。親友、員工或其他特殊關係間之交易。;,,
中正路１８９巷１６弄１號二樓,,106/12/14,630,37.6,16.76,100.00%,公寓(5樓含以下無電梯),,二層/四層,房地(土地+建物),土:1 建:1車:0,3房0廳1衛,,無,無,住家用,含增建或未登記建物。含增建或未登記建物。;,,
安康路三段２６１號二樓,,106/12/14,540,18.8,28.78,89.64%,公寓(5樓含以下無電梯),35,二層/五層,房地(土地+建物),土:3 建:1車:0,3房1廳1衛,,無,無,住家用,親友、員工或其他特殊關係間之交易。親友、員工或其他特殊關係間之交易。;,,
永安街８９號７樓之５,名揚四海,106/12/14,615,32.9,18.68,68.46%,住宅大樓(11層含以上有電梯),24,七層/十二層,房地(土地+建物),土:1 建:1車:0,1房2廳1衛,,有,無,住家用,含增建或未登記建物。含增建或未登記建物。;,,
福園街５巷４號四樓,,106/12/13,1240,42.1,29.45,91.22%,公寓(5樓含以下無電梯),33,四層/五層,房地(土地+建物),土:1 建:1車:0,3房2廳2衛,,無,無,住家用,,,
寶橋路７８巷１０２號６樓,玉上園,106/12/13,1496,57.9,25.85,62.01%,住宅大樓(11層含以上有電梯),4,六層/二十六層,房地(土地+建物),土:1 建:1車:0,2房2廳1衛,,有,無,住家用,,,
中正路２４７巷２５弄１１號四樓,舞立方,106/12/12,900,54.9,16.38,52.77%,華廈(10層含以下有電梯),3,四層/六層,房地(土地+建物),土:3 建:1車:0,1房2廳1衛,,有,無,住家用,,,
松林路３０－８號二樓,楓橋大廈,106/12/12,170,10.5,16.21,61.07%,套房(1房(1廳)1衛),36,二層/七層,房地(土地+建物),土:1 建:1車:0,1房1廳1衛,,無,無,住家用,含增建或未登記建物。含增建或未登記建物。;,,
安祥路９７巷３２號４樓,綠灣氧生區,106/12/11,538,19.8,27.15,66.51%,華廈(10層含以下有電梯),10,四層/八層,房地(土地+建物),土:3 建:1車:0,2房2廳1衛,,有,無,辦公用,,,
中華路５４巷２０號三樓,,106/12/11,900,43,20.95,100.00%,公寓(5樓含以下無電梯),,三層/四層,房地(土地+建物),土:2 建:1車:0,2房1廳1衛,,無,無,住家用,,,
安民街１２１巷１０號八樓之二,美麗心殿,106/12/11,700,30.2,23.19,68.58%,住宅大樓(11層含以上有電梯),22,八層/十六層,房地(土地+建物),土:1 建:1車:0,2房1廳1衛,,有,無,住家用,,,
寶安街２０巷３號,,106/12/11,1250,53.1,23.53,90.00%,公寓(5樓含以下無電梯),37,一層/五層,房地(土地+建物),土:1 建:1車:0,3房2廳1衛,,有,無,住家用,,,
安民街３８０號二樓之一,祝你幸福,106/12/11,660,38.8,17.01,73.76%,住宅大樓(11層含以上有電梯),19,二層/十二層,房地(土地+建物),土:1 建:1車:0,2房2廳1衛,,有,無,住家用,,,
百忍街１１號１樓 ２樓,,106/12/11,878.6,19.1,45.95,100.00%,公寓(5樓含以下無電梯),,"一層,騎樓/四層",房地(土地+建物),土:1 建:2車:0,5房3廳4衛,,無,無,住家用,親友、員工或其他特殊關係間之交易。 1樓價格4485620元，格局2房2廳1衛 2樓價格430萬元，格局3房1廳3衛親友、員工或其他特殊關係間之交易。;,,
百忍街１１號４樓,,106/12/11,540,23.5,22.97,100.00%,公寓(5樓含以下無電梯),,四層/四層,房地(土地+建物),土:1 建:1車:0,2房2廳1衛,,無,無,住家用,親友、員工或其他特殊關係間之交易。親友、員工或其他特殊關係間之交易。;,,
北新路一段６４巷５１號３樓,,106/12/10,1150,34.3,33.5,100.00%,公寓(5樓含以下無電梯),,"三層,陽台/四層",房地(土地+建物),土:8 建:1車:0,3房2廳2衛,,無,無,住家用,,,
中央路１７５號７樓之２,美河市住辦區,106/12/10,725,58.6,12.37,55.16%,套房(1房(1廳)1衛),5,七層/二十層,房地(土地+建物),土:3 建:1車:0,1房1廳1衛,,有,無,住家用,,,
寶興路６８巷３０號二樓,,106/12/10,725,27.8,26.05,83.44%,公寓(5樓含以下無電梯),39,二層/四層,房地(土地+建物),土:1 建:1車:0,3房2廳1衛,,無,無,住家用,,,
中興路２段１８３號４樓,園頂,106/12/10,1558,44.7,34.83,58.34%,住宅大樓(11層含以上有電梯),1,四層/二十六層,房地(土地+建物),土:1 建:1車:0,3房2廳2衛,,有,無,住家用,土地及建物分次登記案件。前案土地登記收件字號：;,,
安泰路６０巷９０弄１９號,,106/12/10,670,0,27.21,,透天厝,37,全/二層,房地(土地+建物),土:1 建:1車:0,3房2廳2衛,,無,無,住家用,權利人共2人 含增建或未登記建物。含增建或未登記建物。;,,
僑信路９６巷５號,,106/12/10,928,0,36.93,,透天厝,34,全/三層,房地(土地+建物),土:1 建:1車:0,5房2廳3衛,,有,無,住家用,含增建或未登記建物。含增建或未登記建物。;,,
僑仁路１巷５號,,106/12/09,1090,0,29.47,,透天厝,35,全/三層,房地(土地+建物),土:1 建:1車:0,4房2廳3衛,,有,無,住家用,含增建或未登記建物。含增建或未登記建物。;,,
碧安街４號,,106/12/09,910,34.2,26.58,100.00%,公寓(5樓含以下無電梯),38,一層/四層,房地(土地+建物),土:1 建:1車:0,1房1廳1衛,,無,無,住家用,,,
安興路１７－２號十四樓,三圓羅馬,106/12/08,1060,21.9,48.43,63.03%,住宅大樓(11層含以上有電梯),23,十四層/二十一層,房地(土地+建物),土:1 建:1車:0,4房2廳2衛,,有,無,住家用,,,
安祥路１１０巷７１號十三樓,綠野香坡,106/12/08,385,16.3,23.66,83.40%,住宅大樓(11層含以上有電梯),22,十三層/十七層,房地(土地+建物),土:1 建:1車:0,2房1廳1衛,,有,無,住家用,,,
寶元路二段１８巷５號四樓,,106/12/08,360,37.2,9.68,100.00%,公寓(5樓含以下無電梯),,四層/四層,房地(土地+建物),土:2 建:1車:0,3房1廳1衛,,無,無,住家用,親友、員工或其他特殊關係間之交易。義務人為二人親友、員工或其他特殊關係間之交易。;,,
大新街７巷１７號二樓,,106/12/08,950,35.2,26.99,86.11%,公寓(5樓含以下無電梯),39,二層/五層,房地(土地+建物),土:1 建:1車:0,3房2廳1衛,,無,無,住家用,,,
玫瑰路５１巷１８-１號３樓,賓士大廈,106/12/08,750,20,37.51,80.04%,華廈(10層含以下有電梯),30,三層/八層,房地(土地+建物),土:13 建:1車:0,3房2廳2衛,,有,無,住家用,,,
安民街２５１巷１０弄１１號二樓,,106/12/08,640,23.3,27.44,100.00%,公寓(5樓含以下無電梯),37,二層/五層,房地(土地+建物),土:1 建:1車:0,3房2廳2衛,,無,無,住家用,,,
寶興路４７號二樓,,106/12/08,296.7,7.6,38.8,87.19%,公寓(5樓含以下無電梯),35,二層/五層,房地(土地+建物),土:3 建:1車:0,3房2廳2衛,,無,無,工業用,親友、員工或其他特殊關係間之交易。親友、員工或其他特殊關係間之交易。;,,
建國路３３巷９號四樓,,106/12/08,1125,35.2,31.94,100.00%,公寓(5樓含以下無電梯),42,四層/四層,房地(土地+建物),土:2 建:1車:0,3房2廳2衛,,無,無,住家用,含增建或未登記建物。含增建或未登記建物。;,,
安民街３５巷１５號三樓,,106/12/08,490,27.2,18.05,100.00%,公寓(5樓含以下無電梯),38,三層/四層,房地(土地+建物),土:1 建:1車:0,2房1廳1衛,,無,無,住家用,,,
北宜路一段１０７之４號三樓之一,新店市文中里捷運首席,106/12/07,980,40.7,24.08,70.21%,住宅大樓(11層含以上有電梯),19,三層/十二層,房地(土地+建物),土:4 建:1車:0,3房2廳1衛,,有,無,住家用,,,
寶元路一段９７-１號４樓,,106/12/07,1090,35.6,30.64,84.17%,公寓(5樓含以下無電梯),34,四層/五層,房地(土地+建物),土:1 建:1車:0,3房2廳2衛,,無,無,住家用,含增建或未登記建物。含增建或未登記建物。;,,
北宜路二段３５５－３號三樓,春風特區,106/12/06,750,26.4,28.39,68.66%,住宅大樓(11層含以上有電梯),16,三層/十四層,房地(土地+建物),土:1 建:1車:0,3房2廳2衛,,有,無,住家用,,,
環河路１８號二十樓之一,天闊,106/12/06,1530,46.9,32.6,66.41%,住宅大樓(11層含以上有電梯),18,二十層/三十二層,房地(土地+建物),土:2 建:1車:0,3房2廳2衛,,有,無,住家用,,,
安祥路１０４巷６弄１４號,彩蝶別墅,106/12/06,1200,0,69.36,,透天厝,21,全/三層,房地(土地+建物),土:6 建:1車:0,4房2廳2衛,,有,無,住家用,,,
光明街２２４巷１１號二十二樓,雙璽,106/12/06,5990,53.4,112.21,63.40%,住宅大樓(11層含以上有電梯),2,二十二層/二十二層,房地(土地+建物),土:2 建:1車:0,4房2廳2衛,,無,無,住家用,建物第一次登記後移轉,,
三民路７５巷１弄１０號三樓,,106/12/06,950,37.6,25.26,88.42%,公寓(5樓含以下無電梯),39,三層/五層,房地(土地+建物),土:1 建:1車:0,3房2廳2衛,,無,無,住家用,,,
青山路３９９巷２３號,晴山匯,106/12/06,5502,0,110.03,,透天厝,3,全/三層,房地(土地+建物),土:2 建:1車:0,3房2廳2衛,,有,無,住家用,,,
如意街５巷２號三樓,,106/12/06,620,24.8,24.97,87.52%,公寓(5樓含以下無電梯),35,三層/五層,房地(土地+建物),土:1 建:1車:0,3房2廳1衛,,有,無,住家用,,,
中華路８３巷４弄１７號,,106/12/06,1700,63.9,26.62,100.00%,公寓(5樓含以下無電梯),48,一層/四層,房地(土地+建物),土:1 建:1車:0,3房1廳1衛,,無,無,住家用,,,
安忠路５７巷２７號四樓,御林園,106/12/05,1260,35.9,35.07,56.26%,住宅大樓(11層含以上有電梯),1,四層/十二層,房地(土地+建物),土:1 建:1車:0,3房2廳2衛,,有,無,住家用,建物第一次登記後移轉,,
環河路７０號四樓,名仕花園,106/12/05,1450,39,37.14,79.62%,住宅大樓(11層含以上有電梯),30,四層/十一層,房地(土地+建物),土:1 建:1車:0,3房2廳2衛,,無,無,住家用,,,
安德街５７巷９號６樓,新綠卡,106/12/05,750,28.1,26.71,73.99%,華廈(10層含以下有電梯),23,六層/七層,房地(土地+建物),土:1 建:1車:0,2房2廳1衛,,有,無,住家用,含增建或未登記建物。含增建或未登記建物。;,,
安民街３５巷９弄１９號,,106/12/05,630,41.7,15.12,100.00%,公寓(5樓含以下無電梯),39,一層/四層,房地(土地+建物),土:1 建:1車:0,6房0廳6衛,,無,無,住家用,陽台外推含增建或未登記建物。;,,
安祥路７３巷７號三樓及９號三樓,綠灣氧生區,106/12/05,1288,19.8,64.92,65.72%,華廈(10層含以下有電梯),10,三層/八層,房地(土地+建物),土:3 建:2車:0,3房2廳2衛,,有,無,辦公用,兩戶打通,,
安康路二段１１８之１號四樓,北城心殿,106/12/05,1278,32,39.96,60.02%,住宅大樓(11層含以上有電梯),7,四層/十三層,房地(土地+建物),土:3 建:1車:0,3房2廳2衛,,有,無,住家用,,,
寶橋路７８巷４６號２０樓,玉上園,106/12/05,1700,48.5,35.07,60.00%,住宅大樓(11層含以上有電梯),4,二十層/二十三層,房地(土地+建物),土:1 建:1車:0,3房2廳2衛,,有,無,住家用,含增建或未登記建物。含增建或未登記建物。;,,
寶橋路８５巷３３弄１４號二樓,,106/12/05,140,29.8,4.7,,公寓(5樓含以下無電梯),37,"二層,陽台/四層",房地(土地+建物),土:1 建:1車:0,3房2廳2衛,,無,無,住家用,親友、員工或其他特殊關係間之交易。親友、員工或其他特殊關係間之交易。;,,
北宜路二段５６巷３弄１號二樓,,106/12/04,850,20.7,40.98,80.93%,公寓(5樓含以下無電梯),31,二層/五層,房地(土地+建物),土:1 建:1車:0,3房2廳2衛,,無,無,住家用,,,
安成街１６號二樓,浪漫貴族,106/12/04,580,33,17.6,60.83%,住宅大樓(11層含以上有電梯),26,二層/十一層,房地(土地+建物),土:1 建:1車:0,1房1廳1衛,,有,無,住家用,,,
北宜路二段４２１巷２弄８１號三樓,美麗國,106/12/04,1113,25,44.54,61.86%,華廈(10層含以下有電梯),4,三層/八層,房地(土地+建物),土:1 建:1車:0,4房2廳2衛,,有,無,住家用,建物第一次登記後移轉,,
中興路二段９９巷１３號２樓,中興北新天下,106/12/04,1300,36.5,35.59,81.31%,公寓(5樓含以下無電梯),29,二層/五層,房地(土地+建物),土:1 建:1車:0,3房2廳2衛,,無,無,住家用,,,
如意街２１號五樓,,106/12/03,575,20.2,28.45,87.83%,公寓(5樓含以下無電梯),35,五層/五層,房地(土地+建物),土:4 建:1車:0,3房2廳2衛,,有,無,住家用,,,
安和路三段１１０巷９號４樓,,106/12/03,730,29.6,24.68,80.20%,公寓(5樓含以下無電梯),41,四層/四層,房地(土地+建物),土:1 建:1車:0,2房2廳2衛,,無,無,住家用,含增建或未登記建物。含增建或未登記建物。;,,
玫瑰路５８巷１１號５樓,,106/12/02,570,18.3,31.22,92.62%,公寓(5樓含以下無電梯),32,五層/五層,房地(土地+建物),土:3 建:1車:0,3房2廳2衛,,有,無,住家用,,,
寶安街８２巷３號二樓,,106/12/02,1200,37.6,31.93,83.86%,公寓(5樓含以下無電梯),33,二層/五層,房地(土地+建物),土:1 建:1車:0,3房2廳2衛,,無,無,住家用,,,
吉安街３１號四樓,綠寶石,106/12/02,860,30.1,28.55,80.55%,華廈(10層含以下有電梯),23,四層/七層,房地(土地+建物),土:1 建:1車:0,3房2廳1衛,,有,無,住家用,,,
安民街６５巷１５號９樓之３,山水畫樓B-1區,106/12/01,816,32.5,25.11,83.14%,華廈(10層含以下有電梯),23,九層/十層,房地(土地+建物),土:1 建:1車:0,2房2廳1衛,,有,無,住家用,含增建或未登記建物。 權利人住址有難字。含增建或未登記建物。;,,
北新路一段２７１巷６５號４樓,,106/12/01,1010,41.8,24.18,100.00%,公寓(5樓含以下無電梯),38,四層/五層,房地(土地+建物),土:1 建:1車:0,3房2廳1衛,,無,無,住家用,含增建或未登記建物。含增建或未登記建物。;,,
新和街１２２號五樓,,106/12/01,930,26.7,34.86,82.30%,公寓(5樓含以下無電梯),28,五層/五層,房地(土地+建物),土:1 建:1車:0,4房2廳3衛,,有,無,住家用,地下室分管協議共23個車位，一年一輪抽籤使用。 含增建或未登記建物。含增建或未登記建物。;單獨車位交易。;,,
中央路１８５號１６樓之３,美河市,106/11/30,2900,46.6,62.28,60.60%,住宅大樓(11層含以上有電梯),5,十六層/二十八層,房地(土地+建物),土:3 建:1車:0,5房2廳2衛,,有,無,住家用,,,
安德街２６巷１６號７樓,悠秀,106/11/30,1035,33.5,30.92,72.59%,華廈(10層含以下有電梯),10,七層/七層,房地(土地+建物),土:1 建:1車:0,3房2廳2衛,,有,無,住家用,含增建或未登記建物。含增建或未登記建物。;,,
中興路二段２０１號１７樓之７,寶路生活館,106/11/30,650,47.7,13.63,65.23%,套房(1房(1廳)1衛),16,十七層/十七層,房地(土地+建物),土:1 建:1車:0,1房1廳1衛,,有,無,住家用,含增建或未登記建物。含增建或未登記建物。;,,
北新路三段３８號二樓,大豐,106/11/30,650,17.8,36.61,75.78%,華廈(10層含以下有電梯),34,二層/七層,房地(土地+建物),土:2 建:1車:0,4房1廳2衛,,有,無,住家用,親友、員工或其他特殊關係間之交易。親友、員工或其他特殊關係間之交易。;,,
大新街７巷２４號３樓,,106/11/30,1150,32.3,35.6,87.43%,公寓(5樓含以下無電梯),42,三層/四層,房地(土地+建物),土:6 建:1車:0,3房2廳2衛,,無,無,住家用,,,
順安街５８號二十樓之３,大坪林雙子星,106/11/29,2215,62,35.72,63.03%,住宅大樓(11層含以上有電梯),,二十層/二十層,房地(土地+建物),土:1 建:1車:0,3房2廳2衛,,有,無,住家用,建物第一次登記後移轉,,
寶興路６８巷１６號３樓,,106/11/29,680,26.1,26.05,84.00%,公寓(5樓含以下無電梯),39,三層/四層,房地(土地+建物),土:1 建:1車:0,3房2廳1衛,,無,無,住家用,,,
建國路７２號３樓,,106/11/29,1253,36,34.81,100.00%,公寓(5樓含以下無電梯),41,三層/四層,房地(土地+建物),土:4 建:1車:0,3房2廳2衛,,無,無,住家用,親友、員工或其他特殊關係間之交易。親友、員工或其他特殊關係間之交易。;,,
中正路４３３巷６號四樓,,106/11/28,620,28.5,21.75,100.00%,公寓(5樓含以下無電梯),,四層/四層,房地(土地+建物),土:1 建:1車:0,3房1廳1衛,,無,無,住家用,親友、員工或其他特殊關係間之交易。親友、員工或其他特殊關係間之交易。;,,
安和路二段１９７號九樓,新婚派對,106/11/28,880,32.2,27.35,81.40%,住宅大樓(11層含以上有電梯),22,九層/十二層,房地(土地+建物),土:1 建:1車:0,3房2廳2衛,,有,無,住家用,,,
安祥路９７巷６６號三樓,綠灣氧生區,106/11/28,680,25,27.15,66.51%,華廈(10層含以下有電梯),10,三層/八層,房地(土地+建物),土:3 建:1車:0,1房1廳1衛,,有,無,辦公用,,,
僑義路２６巷５號,,106/11/28,1150,0,42.99,,透天厝,32,全/三層,房地(土地+建物),土:1 建:1車:0,3房2廳3衛,,有,無,住家用,,,
寶興路６４巷１５號三樓,,106/11/28,810,26.9,30.16,88.18%,公寓(5樓含以下無電梯),39,三層/四層,房地(土地+建物),土:1 建:1車:0,3房2廳1衛,,無,無,住家用,,,
安德街１３０巷１３號二樓,,106/11/27,450,16.5,27.2,90.31%,公寓(5樓含以下無電梯),30,二層/五層,房地(土地+建物),土:1 建:1車:0,3房2廳2衛,,無,無,住家用,親友、員工或其他特殊關係間之交易。親友、員工或其他特殊關係間之交易。;,,
永安街９０－４號七樓,青春望族,106/11/27,330,31.6,10.44,68.64%,套房(1房(1廳)1衛),26,七層/七層,房地(土地+建物),土:2 建:1車:0,1房1廳1衛,,有,無,住家用,,,
二十張路９８巷２弄８號三樓,,106/11/27,1088,36.6,29.77,83.50%,公寓(5樓含以下無電梯),32,三層/五層,房地(土地+建物),土:1 建:1車:0,3房2廳2衛,,無,無,住家用,,,
寶安街７８巷５號五樓,,106/11/27,1130,38.1,29.63,84.84%,公寓(5樓含以下無電梯),33,五層/五層,房地(土地+建物),土:1 建:1車:0,3房2廳2衛,,無,無,住家用,含增建或未登記建物。含增建或未登記建物。;,,
華中街１７巷３號二樓,,106/11/27,650,35,18.6,91.28%,公寓(5樓含以下無電梯),44,二層/四層,房地(土地+建物),土:1 建:1車:0,4房2廳2衛,,無,無,住家用,親友、員工或其他特殊關係間之交易。親友、員工或其他特殊關係間之交易。;,,
中興路三段２２１－３號十四樓,康和春秋,106/11/27,11.3,29.8,0.38,,住宅大樓(11層含以上有電梯),21,十四層/二十五層,房地(土地+建物),土:1 建:1車:0,1房1廳1衛,,有,無,住家用,共有人間買賣移轉,,
自由街６號四樓,,106/11/27,1100,40,27.49,91.27%,公寓(5樓含以下無電梯),47,四層/四層,房地(土地+建物),土:1 建:1車:0,3房2廳1衛,,無,無,住家用,,,
永業路８１巷３弄２５號２樓,,106/11/26,430,16.7,25.82,100.00%,公寓(5樓含以下無電梯),37,"二層,陽台/五層",房地(土地+建物),土:2 建:1車:0,3房2廳1衛,,無,無,住家用,含增建或未登記建物。含增建或未登記建物。;,,
中興路２段１７５號１５樓,園頂,106/11/26,2765,46.8,59.11,60.52%,住宅大樓(11層含以上有電梯),1,十五層/二十六層,房地(土地+建物),土:1 建:1車:0,4房2廳2衛,,有,無,住家用,,,
安和路三段６６巷５號３樓,歐鄉A.B棟,106/11/26,1015,34.6,29.32,72.06%,住宅大樓(11層含以上有電梯),20,三層/十二層,房地(土地+建物),土:1 建:1車:0,3房2廳2衛,,有,無,住家用,含增建或未登記建物。含增建或未登記建物。;,,
光華街３８巷２號,,106/11/26,2320,0,54.96,,透天厝,38,全/二層,房地(土地+建物),土:1 建:1車:0,4房2廳2衛,,無,無,住家用,,,
玫瑰路６１巷２０號２樓,玫瑰中國城,106/11/26,750,17,44.2,74.40%,公寓(5樓含以下無電梯),28,"二層,三層/五層",房地(土地+建物),土:3 建:1車:0,3房3廳2衛,,有,無,住家用,,,
裕合街４７號,,106/11/25,760,0,27.58,,透天厝,36,全/二層,房地(土地+建物),土:2 建:1車:0,2房2廳2衛,,無,無,住家用,含增建或未登記建物。含增建或未登記建物。;,,
新店路２６２之８號１９樓,碧潭有約,106/11/25,795,58.4,13.61,61.46%,住宅大樓(11層含以上有電梯),9,十九層/十九層,房地(土地+建物),土:1 建:1車:0,1房0廳1衛,,有,無,住家用,,,
民權路１０５-４號１１樓,江陵大第,106/11/25,2420,42.6,56.8,70.20%,住宅大樓(11層含以上有電梯),27,十一層/十六層,房地(土地+建物),土:1 建:1車:0,4房2廳2衛,,有,無,住家用,含增建或未登記建物。內含獨立產權公設，未包含在棟數內。含增建或未登記建物。;,,
溪園路３８９之１號７樓,湯泉美地,106/11/25,700,47,14.9,64.38%,套房(1房(1廳)1衛),14,七層/十四層,房地(土地+建物),土:1 建:1車:0,1房1廳1衛,,有,無,住家用,含增建或未登記建物。含增建或未登記建物。;,,
安祥路６９巷５２弄５號２樓,綠中海,106/11/25,648,23.1,28.03,68.08%,華廈(10層含以下有電梯),12,二層/九層,房地(土地+建物),土:7 建:1車:0,3房2廳2衛,,有,無,住家用,內含獨立產權公設，未包含在棟數內。含增建或未登記建物。含增建或未登記建物。;,,
達觀路８巷３號二樓之六,達觀鎮A1,106/11/25,595,18.6,32.03,68.74%,住宅大樓(11層含以上有電梯),21,二層/十九層,房地(土地+建物),土:5 建:1車:0,2房1廳1衛,,有,無,住家用,,,
寶中路６５巷１８號四樓,,106/11/25,1050,41.7,25.19,100.00%,公寓(5樓含以下無電梯),,四層/四層,房地(土地+建物),土:1 建:1車:0,2房2廳1衛,,無,無,住家用,親友、員工或其他特殊關係間之交易。親友、員工或其他特殊關係間之交易。;,,
北新路二段１２６號１２樓之９,環遊市西華館,106/11/25,915,62.3,14.69,67.15%,套房(1房(1廳)1衛),11,十二層/十八層,房地(土地+建物),土:8 建:1車:0,1房1廳1衛,,有,無,住家用,含增建或未登記建物。含增建或未登記建物。;,,
新店路２６２之１５號１３樓,碧潭有約,106/11/25,925,62.1,14.9,62.90%,套房(1房(1廳)1衛),9,十三層/十九層,房地(土地+建物),土:1 建:1車:0,1房1廳1衛,,有,無,住家用,,,
安成街２２號五樓,浪漫貴族,106/11/25,495,28,17.7,64.28%,住宅大樓(11層含以上有電梯),26,五層/十一層,房地(土地+建物),土:1 建:1車:0,0房0廳1衛,,有,無,住家用,,,
安德街６號十一樓,K6湛,106/11/24,1030,36.1,28.51,59.83%,住宅大樓(11層含以上有電梯),1,十一層/十四層,房地(土地+建物),土:1 建:1車:0,2房2廳1衛,,有,無,住家用,建物第一次登記後移轉,,
中正路２８０巷１之８號１１樓,中正國宅,106/11/24,1250,43.9,28.5,78.84%,住宅大樓(11層含以上有電梯),31,十一層/十二層,房地(土地+建物),土:1 建:1車:0,3房2廳1衛,,有,無,住家用,,,
北宜路二段４３３之９號１２樓,夢享國,106/11/24,428,22.8,18.74,63.87%,住宅大樓(11層含以上有電梯),10,十二層/十二層,房地(土地+建物),土:1 建:1車:0,1房2廳1衛,,有,無,住家用,,,
博愛街２巷１２號二樓之１,,106/11/24,910,37.8,24.1,77.55%,公寓(5樓含以下無電梯),27,二層/五層,房地(土地+建物),土:2 建:1車:0,2房2廳2衛,,無,無,住家用,,,
達觀路１４巷６號,達觀鎮A2,106/11/24,690,18.5,37.29,74.71%,住宅大樓(11層含以上有電梯),21,一層/十七層,房地(土地+建物),土:2 建:1車:0,2房2廳2衛,,有,無,住家用,,,
安興路１３之１號５樓,三圓羅馬,106/11/23,545,26.1,20.85,63.18%,住宅大樓(11層含以上有電梯),23,五層/二十一層,房地(土地+建物),土:1 建:1車:0,2房1廳1衛,,有,無,住家用,含增建或未登記建物。含增建或未登記建物。;,,
中正路３５４號四樓之一,康和儷舍,106/11/23,1080,44.8,24.09,69.97%,住宅大樓(11層含以上有電梯),17,四層/十四層,房地(土地+建物),土:1 建:1車:0,2房2廳1衛,,有,無,住家用,,,
永安街１０９巷４６號八樓,新中河,106/11/23,752,36.7,20.49,67.31%,住宅大樓(11層含以上有電梯),21,八層/十三層,房地(土地+建物),土:1 建:1車:0,2房1廳1衛,,有,無,住家用,,,
永安街８３巷９號１１樓,君臨大地,106/11/23,375,30.7,12.22,78.99%,套房(1房(1廳)1衛),25,十一層/十四層,房地(土地+建物),土:1 建:1車:0,1房1廳1衛,,有,無,住家用,含增建或未登記建物。含增建或未登記建物。;,,
順安街５８號十八樓,大坪林雙子星,106/11/22,1810,61.6,29.41,60.30%,住宅大樓(11層含以上有電梯),,十八層/二十層,房地(土地+建物),土:1 建:1車:0,2房2廳1衛,,有,無,住家用,建物第一次登記後移轉,,
環河路２２號１５樓,天闊,106/11/22,1418,45.9,30.9,64.93%,住宅大樓(11層含以上有電梯),18,十五層/三十二層,房地(土地+建物),土:2 建:1車:0,3房2廳2衛,,有,無,住家用,含增建或未登記建物。含增建或未登記建物。;,,
安忠路５７巷２９號十二樓,御林園,106/11/22,1071,36.3,29.5,64.76%,住宅大樓(11層含以上有電梯),1,"十二層,見其他登記事項/十二層",房地(土地+建物),土:1 建:1車:0,2房1廳1衛,,有,無,住家用,建物第一次登記後移轉,,
安忠路５７巷２３號十二樓,御林園,106/11/22,1079.6,36.3,29.74,64.81%,住宅大樓(11層含以上有電梯),1,"十二層,見其他登記事項/十二層",房地(土地+建物),土:1 建:1車:0,2房1廳1衛,,有,無,住家用,建物第一次登記後移轉,,
中正路７６巷１１弄２４號二樓,,106/11/22,1050,38.5,27.27,100.00%,公寓(5樓含以下無電梯),45,二層/四層,房地(土地+建物),土:1 建:1車:0,3房1廳1衛,,無,無,住家用,,,
永安街３０號四樓,,106/11/21,580,25.3,22.9,100.00%,公寓(5樓含以下無電梯),42,四層/四層,房地(土地+建物),土:1 建:1車:0,4房2廳2衛,,無,無,住家用,,,
中興路一段２６６之１號七樓之三,春池吉品,106/11/21,11.1,30.3,0.37,,住宅大樓(11層含以上有電梯),20,七層/二十二層,房地(土地+建物),土:1 建:1車:0,2房1廳1衛,,有,無,住家用,親友、員工或其他特殊關係間之交易。親友、員工或其他特殊關係間之交易。;,,
北新路一段７７號二十五樓之２,雙水灣,106/11/21,1290,66,19.54,55.19%,住宅大樓(11層含以上有電梯),,二十五層/三十層,房地(土地+建物),土:1 建:1車:0,2房2廳1衛,,有,無,住家用,土地及建物分次登記案件。前案土地登記收件字號：;,,
新烏路三段１３５號五樓,,106/11/21,450,15.2,29.65,85.77%,公寓(5樓含以下無電梯),36,五層/五層,房地(土地+建物),土:2 建:1車:0,4房2廳2衛,,無,無,住家用,,,
安忠路５７巷２１號九樓,御林園,106/11/21,725,37,19.58,62.84%,套房(1房(1廳)1衛),1,九層/十二層,房地(土地+建物),土:1 建:1車:0,1房1廳1衛,,有,無,住家用,建物第一次登記後移轉,,
寶橋路７８巷４８號７樓,玉上園,106/11/20,2050,52,39.43,60.21%,住宅大樓(11層含以上有電梯),4,七層/二十三層,房地(土地+建物),土:1 建:1車:0,3房2廳2衛,,有,無,住家用,含增建或未登記建物。含增建或未登記建物。;,,
安德街７１巷２４號,浪漫貴族,106/11/20,1500,39.1,38.38,,店面（店舖),26,一層/十一層,房地(土地+建物),土:1 建:2車:0,4房3廳2衛,,有,無,商業用,含增建或未登記建物。含增建或未登記建物。;,,
新店後街８１號三樓,,106/11/20,560,38.6,14.5,70.26%,公寓(5樓含以下無電梯),36,三層/四層,房地(土地+建物),土:1 建:1車:0,3房2廳1衛,,無,無,住家用,含增建或未登記建物。含增建或未登記建物。;,,
溪園路３４３號３樓,湯泉美地,106/11/20,1400,44.1,31.74,60.85%,住宅大樓(11層含以上有電梯),14,三層/十四層,房地(土地+建物),土:1 建:1車:0,3房2廳2衛,,有,無,住家用,含增建或未登記建物。含增建或未登記建物。;,,
松林路１６巷４－２號，松林路１６巷４－３號,,106/11/19,460,18.3,25.1,100.00%,公寓(5樓含以下無電梯),39,"二層,陽台/二層",房地(土地+建物),土:1 建:2車:0,2房2廳2衛,,無,無,住家用,含增建或未登記建物。含增建或未登記建物。;,,
安成街３１號,台北舊金山捷運年代,106/11/19,1157,33.8,34.21,68.36%,華廈(10層含以下有電梯),24,一層/七層,房地(土地+建物),土:1 建:1車:0,3房2廳2衛,,有,無,住家用,共有人數2人。含增建或未登記建物。含增建或未登記建物。;,,
建安街１５巷２號２樓,,106/11/19,1588,32,49.63,86.95%,公寓(5樓含以下無電梯),44,二層/四層,房地(土地+建物),土:1 建:1車:0,5房2廳3衛,,無,無,住家用,含增建或未登記建物。含增建或未登記建物。;,,
永安街８３巷１７弄７號九樓,君臨大地,106/11/19,300,29.4,10.21,77.84%,套房(1房(1廳)1衛),25,九層/十四層,房地(土地+建物),土:1 建:1車:0,1房0廳1衛,,有,無,住家用,,,
北新路一段３２１號四樓,,106/11/19,650,36.5,17.83,100.00%,公寓(5樓含以下無電梯),42,四層/四層,房地(土地+建物),土:1 建:1車:0,2房1廳2衛,,無,無,住家用,含增建或未登記建物。含增建或未登記建物。;,,
中華路６０巷３２號３樓,,106/11/18,1400,45.1,31.01,85.06%,公寓(5樓含以下無電梯),39,三層/四層,房地(土地+建物),土:1 建:1車:0,3房2廳1衛,,無,無,住家用,,,
寶興路４５巷２弄６號６樓,寶福,106/11/18,1110,47.3,23.48,60.84%,住宅大樓(11層含以上有電梯),8,六層/十二層,房地(土地+建物),土:1 建:1車:0,2房2廳1衛,,有,無,住家用,,,
安祥路１５６巷８８號２樓,晴山墅,106/11/18,1020,23.5,43.34,64.74%,華廈(10層含以下有電梯),,二層/六層,房地(土地+建物),土:10 建:2車:0,3房2廳2衛,,有,無,住家用,建物第一次登記後移轉,,
永業路３２號５樓,,106/11/18,630,22,28.58,92.52%,公寓(5樓含以下無電梯),33,五層/五層,房地(土地+建物),土:1 建:1車:0,3房2廳1衛,,無,無,住家用,含增建或未登記建物。含增建或未登記建物。;,,
中正路６６巷２號三樓,,106/11/18,450,47.8,9.41,100.00%,公寓(5樓含以下無電梯),43,三層/三層,房地(土地+建物),土:2 建:1車:0,2房2廳2衛,,無,無,商業用,含增建或未登記建物。含增建或未登記建物。;,,
碧潭路７７巷１號１６樓之３,海悅假期,106/11/17,1130,40.1,28.15,63.00%,住宅大樓(11層含以上有電梯),18,十六層/十八層,房地(土地+建物),土:6 建:1車:0,4房2廳2衛,,有,無,商業用,含增建或未登記建物。含增建或未登記建物。;,,
北宜路二段４８９－２號九樓,領袖天下,106/11/17,700,24.4,28.68,63.77%,住宅大樓(11層含以上有電梯),22,九層/十五層,房地(土地+建物),土:1 建:1車:0,3房2廳2衛,,有,無,住家用,親友間之交易。親友、員工或其他特殊關係間之交易。;,,
北宜路二段１４５號３樓,青泉崗,106/11/16,1000,23.7,42.11,68.08%,住宅大樓(11層含以上有電梯),20,三層/十二層,房地(土地+建物),土:1 建:1車:0,4房2廳2衛,,有,無,住家用,含增建或未登記建物。含增建或未登記建物。;,,
長春路１３巷３號,,106/11/16,1630,0,61.97,,透天厝,29,全/三層,房地(土地+建物),土:2 建:1車:0,4房2廳3衛,,無,無,住家用,,,
中興路一段１６５號十三樓,文藝中興,106/11/16,2050,44.4,46.18,68.68%,住宅大樓(11層含以上有電梯),16,十三層/十三層,房地(土地+建物),土:3 建:1車:0,3房2廳2衛,,有,無,住家用,,,
北新路一段７７號二十樓之１,雙水灣,106/11/15,2000,64.3,31.09,49.71%,住宅大樓(11層含以上有電梯),,二十層/三十層,房地(土地+建物),土:1 建:1車:0,2房2廳1衛,,有,無,住家用,土地及建物分次登記案件。前案土地登記收件字號：;,,
永業路３１巷９號,,106/11/15,990,32.8,30.22,85.59%,公寓(5樓含以下無電梯),35,一層/五層,房地(土地+建物),土:2 建:1車:0,3房2廳2衛,,無,無,住家用,,,
安康路二段２０４號三樓,品值寶鎮,106/11/15,1010,31.3,32.23,79.23%,住宅大樓(11層含以上有電梯),20,三層/十二層,房地(土地+建物),土:1 建:1車:0,3房2廳2衛,,有,無,住家用,,,
玫瑰路５９巷９號三樓,玫瑰中國城,106/11/15,860,15.7,54.8,72.04%,公寓(5樓含以下無電梯),28,"三層,四層,五層/五層",房地(土地+建物),土:3 建:1車:0,4房2廳2衛,,無,無,住家用,,,
太平路１７巷１３－１號,,106/11/15,845,0,29.64,,透天厝,,全/二層,房地(土地+建物),土:2 建:1車:0,4房2廳2衛,,無,無,住家用,親友、員工或其他特殊關係間之交易。親友、員工或其他特殊關係間之交易。;,,
永安街１０９巷７號六樓,鄉林別墅,106/11/14,1166,29.7,39.2,72.95%,住宅大樓(11層含以上有電梯),22,六層/十三層,房地(土地+建物),土:2 建:1車:0,4房2廳2衛,,有,無,住家用,,,
國校路８號三樓,,106/11/14,560,27,20.73,98.56%,公寓(5樓含以下無電梯),36,三層/五層,房地(土地+建物),土:1 建:1車:0,2房2廳1衛,,無,無,住家用,,,
安德路１００號四樓,浪漫山林,106/11/14,820,26.8,30.61,70.87%,華廈(10層含以下有電梯),24,四層/七層,房地(土地+建物),土:1 建:1車:0,3房2廳2衛,,有,無,住家用,,,
福園街１４巷１號２樓,,106/11/13,1380,36.2,38.11,92.95%,公寓(5樓含以下無電梯),39,二層/五層,房地(土地+建物),土:1 建:1車:0,5房2廳2衛,,無,無,住家用,含增建或未登記建物。 共有人共兩人。含增建或未登記建物。;,,
中央路１７１號１０樓之３,美河市住辦區,106/11/13,3750,52.4,71.61,56.12%,住宅大樓(11層含以上有電梯),5,十層/十八層,房地(土地+建物),土:3 建:1車:0,4房2廳3衛,,有,無,住家用,,,
新店路１２８號７樓,碧潭水悅,106/11/13,1680,51.9,32.39,57.85%,住宅大樓(11層含以上有電梯),1,七層/十一層,房地(土地+建物),土:1 建:1車:0,2房2廳1衛,,有,無,住家用,,,
民權路４２巷６弄７號２樓,,106/11/13,1150,32.6,35.27,91.78%,公寓(5樓含以下無電梯),31,二層/四層,房地(土地+建物),土:1 建:1車:0,3房2廳2衛,,無,無,工業用,,,
安民街１５６巷１６號十一樓,博覽天下高更特區,106/11/13,940,34.9,26.93,61.74%,住宅大樓(11層含以上有電梯),5,十一層/十二層,房地(土地+建物),土:1 建:1車:0,2房2廳1衛,,有,無,住家用,,,
永華街６３號三樓,,106/11/13,705,23,30.62,91.01%,公寓(5樓含以下無電梯),33,三層/五層,房地(土地+建物),土:1 建:1車:0,3房2廳2衛,,無,無,住家用,親友、員工或其他特殊關係間之交易。親友、員工或其他特殊關係間之交易。;,,
三民路１１７巷５弄２號４樓,,106/11/13,1338,47.1,28.43,85.50%,公寓(5樓含以下無電梯),43,四層/四層,房地(土地+建物),土:1 建:1車:0,3房2廳1衛,,無,無,住家用,含增建或未登記建物。含增建或未登記建物。;,,
寶興路４７號五樓,,106/11/13,269.5,7,38.72,87.17%,公寓(5樓含以下無電梯),35,五層/五層,房地(土地+建物),土:2 建:1車:0,3房2廳2衛,,無,無,工業用,親友、員工或其他特殊關係間之交易。親友、員工或其他特殊關係間之交易。;,,
大豐路４１巷８弄３號４樓,,106/11/12,1262,40,31.52,82.66%,公寓(5樓含以下無電梯),37,四層/四層,房地(土地+建物),土:3 建:1車:0,3房2廳2衛,,無,無,住家用,含增建或未登記建物。含增建或未登記建物。;,,
中正路６８０巷３３弄１５號３樓,,106/11/12,960,32.6,29.48,89.66%,公寓(5樓含以下無電梯),36,三層/五層,房地(土地+建物),土:2 建:1車:0,4房2廳2衛,,無,無,住家用,含增建或未登記建物。含增建或未登記建物。;,,
廣興路５巷３號地下層,,106/11/12,400,13.2,30.26,100.00%,公寓(5樓含以下無電梯),39,地下一層/四層,房地(土地+建物),土:1 建:1車:0,3房2廳2衛,,無,無,商業用,含增建或未登記建物。含增建或未登記建物。;,,
民權路４２巷１７號４樓,,106/11/12,2000,46.7,42.83,77.39%,公寓(5樓含以下無電梯),29,四層/四層,房地(土地+建物),土:1 建:1車:0,8房3廳4衛,,無,無,工業用,含增建或未登記建物。含增建或未登記建物。;,,
寶興路４２巷１７號３樓之６,現代君址,106/11/12,745,45.6,16.34,64.59%,住宅大樓(11層含以上有電梯),18,三層/十四層,房地(土地+建物),土:1 建:1車:0,1房1廳1衛,,有,無,住家用,,,
安祥路９７巷６２號六樓,綠灣氧生區,106/11/12,630,23,27.38,66.60%,華廈(10層含以下有電梯),10,六層/八層,房地(土地+建物),土:3 建:1車:0,2房1廳1衛,,有,無,辦公用,,,
華中街５１號４樓,,106/11/12,1147,45.6,25.14,100.00%,公寓(5樓含以下無電梯),,四層/四層,房地(土地+建物),土:2 建:1車:0,3房2廳1衛,,無,無,住家用,含增建或未登記建物。含增建或未登記建物。;,,
北新路一段７６號二十二樓之６,創新殿,106/11/11,1940,66,29.41,59.06%,住宅大樓(11層含以上有電梯),,二十二層/三十層,房地(土地+建物),土:1 建:1車:0,2房2廳1衛,,無,有,住家用,建物第一次登記後移轉 預售屋雨遮不計價。含裝潢費;含傢俱設備費;預售屋、或土地及建物分件登記案件;,,
中正路２６５巷２２號４樓,中正國宅,106/11/11,1650,48.7,33.86,91.28%,住宅大樓(11層含以上有電梯),24,四層/十二層,房地(土地+建物),土:2 建:1車:0,3房2廳2衛,,有,無,住家用,含增建或未登記建物。含增建或未登記建物。;,,
民族路４９號７樓之２,民族雅園,106/11/11,380,50.4,7.54,78.41%,套房(1房(1廳)1衛),21,七層/十二層,房地(土地+建物),土:1 建:1車:0,1房0廳1衛,,有,無,住家用,,,
富貴街１０巷３號五樓,,106/11/11,650,21.3,30.52,86.86%,公寓(5樓含以下無電梯),35,五層/五層,房地(土地+建物),土:3 建:1車:0,3房2廳2衛,,有,無,住家用,含增建或未登記建物。含增建或未登記建物。;,,
北宜路二段３９１巷２之１號３樓之２,,106/11/11,590,23.9,24.71,74.31%,住宅大樓(11層含以上有電梯),21,三層/十二層,房地(土地+建物),土:1 建:1車:0,3房2廳2衛,,有,無,住家用,含增建或未登記建物。含增建或未登記建物。;,,
花園新城花園二路一段９－５乙號,階梯屋九號,106/11/11,1030,0,31.47,,透天厝,,全/--,房地(土地+建物),土:9 建:1車:0,3房2廳2衛,,有,無,住家用,,,
北新路一段１３３-１號１４樓,名人華廈,106/11/11,1630,39.6,41.21,81.72%,住宅大樓(11層含以上有電梯),28,十四層/十五層,房地(土地+建物),土:1 建:1車:0,4房2廳2衛,,有,無,住家用,含增建或未登記建物。含增建或未登記建物。;,,
中央路１７５號三樓之８,美河市住辦區,106/11/10,988,53.7,18.4,58.07%,住宅大樓(11層含以上有電梯),5,三層/二十層,房地(土地+建物),土:3 建:1車:0,1房1廳1衛,,有,無,住家用,,,
安忠路５７巷３１號九樓,御林園,106/11/10,955,37.7,25.35,57.55%,住宅大樓(11層含以上有電梯),1,九層/十二層,房地(土地+建物),土:1 建:1車:0,3房2廳2衛,,有,無,住家用,建物第一次登記後移轉,,
北新路一段７６號二十二樓之２,創新殿,106/11/09,1950,63.6,30.67,60.84%,住宅大樓(11層含以上有電梯),,二十二層/三十層,房地(土地+建物),土:1 建:1車:0,2房2廳2衛,,無,有,住家用,預售屋雨遮不計價。含裝潢費;含傢俱設備費;預售屋、或土地及建物分件登記案件;,,
華興街３８巷９號２樓,,106/11/09,966,36.1,26.8,83.47%,公寓(5樓含以下無電梯),44,二層/四層,房地(土地+建物),土:1 建:1車:0,3房2廳1衛,,無,無,住家用,,,
安民街３７９巷１６號四樓,,106/11/09,820,24.1,34.03,81.26%,公寓(5樓含以下無電梯),27,四層/五層,房地(土地+建物),土:2 建:1車:0,3房3廳3衛,,有,無,住家用,,,
中正路４１８巷５號九樓之三,雄霸雙星,106/11/09,1580,40.7,38.81,60.24%,住宅大樓(11層含以上有電梯),21,九層/十四層,房地(土地+建物),土:1 建:1車:0,2房2廳2衛,,有,無,住家用,親友、員工或其他特殊關係間之交易。親友、員工或其他特殊關係間之交易。;,,
北新路一段７６號八樓之１,創新殿,106/11/08,1898,61.9,30.67,60.84%,住宅大樓(11層含以上有電梯),,八層/三十層,房地(土地+建物),土:1 建:1車:0,2房2廳2衛,,無,有,住家用,預售屋雨遮不計價。含裝潢費;含傢俱設備費;預售屋、或土地及建物分件登記案件;,,
北新路一段７６號十四樓之１,創新殿,106/11/08,1950,63.6,30.67,60.84%,住宅大樓(11層含以上有電梯),,十四層/三十層,房地(土地+建物),土:1 建:1車:0,2房2廳2衛,,無,有,住家用,預售屋雨遮不計價。含裝潢費;含傢俱設備費;預售屋、或土地及建物分件登記案件;,,
北新路一段２９３號１９樓之１２,都會通大廈,106/11/08,2080,64,32.49,57.27%,住宅大樓(11層含以上有電梯),13,十九層/十九層,房地(土地+建物),土:1 建:1車:0,2房2廳2衛,,有,無,住家用,,,
中正路４１號四樓,,106/11/08,770,38.6,19.93,100.00%,公寓(5樓含以下無電梯),,四層/五層,房地(土地+建物),土:1 建:1車:0,3房2廳1衛,,無,無,住家用,,,
寶橋路１巷１８號,,106/11/07,1940,64.9,29.89,100.00%,公寓(5樓含以下無電梯),39,一層/四層,房地(土地+建物),土:1 建:1車:0,2房1廳2衛,,無,無,住家用,含增建或未登記建物。含增建或未登記建物。;,,
華城一路１６-１３號,,106/11/07,3500,0,61.33,,透天厝,21,全/二層,房地(土地+建物),土:1 建:1車:0,5房3廳3衛,,有,無,住家用,共有人數2人。含增建或未登記建物。含增建或未登記建物。;,,
安祥路１１６號四樓,安祥山莊,106/11/07,510,15.3,33.28,82.23%,住宅大樓(11層含以上有電梯),23,四層/十六層,房地(土地+建物),土:1 建:1車:0,3房2廳2衛,,有,無,住家用,,,
達觀路８巷５號　　　　 　,達觀鎮A1,106/11/07,813,19.3,42.11,69.44%,住宅大樓(11層含以上有電梯),21,一層/十八層,房地(土地+建物),土:5 建:1車:0,4房2廳2衛,,有,無,住家用,,,
松林路３５號,,106/11/07,750,20.3,37.02,76.13%,公寓(5樓含以下無電梯),36,一層/二層,房地(土地+建物),土:1 建:1車:0,2房3廳2衛,,無,無,住家用,,,
僑義路１１巷９號,,106/11/07,1580,0,56.1,,透天厝,31,全/三層,房地(土地+建物),土:2 建:1車:0,3房2廳2衛,,有,無,住家用,,,
三民路１１７巷３弄３號三樓,,106/11/07,1030,39.8,25.88,100.00%,公寓(5樓含以下無電梯),,三層/四層,房地(土地+建物),土:3 建:1車:0,3房2廳1衛,,無,無,住家用,,,
中央三街１２１巷１１號１５樓,希望之河,106/11/07,988,42.6,23.17,67.06%,住宅大樓(11層含以上有電梯),18,十五層/二十七層,房地(土地+建物),土:1 建:1車:0,2房1廳1衛,,有,無,住家用,含增建或未登記建物。含增建或未登記建物。;,,
安民街３８０號三樓之一,祝你幸福,106/11/07,540,31.7,17.01,73.76%,住宅大樓(11層含以上有電梯),19,三層/十二層,房地(土地+建物),土:1 建:1車:0,2房1廳1衛,,有,無,住家用,,,
北新路一段７６號十樓之１,創新殿,106/11/06,1930,62.9,30.67,60.84%,住宅大樓(11層含以上有電梯),,十層/三十層,房地(土地+建物),土:1 建:1車:0,2房2廳2衛,,無,有,住家用,預售屋雨遮不計價。含裝潢費;含傢俱設備費;預售屋、或土地及建物分件登記案件;,,
北新路一段７６號十九樓之２,創新殿,106/11/06,1999,64.4,31.06,60.06%,住宅大樓(11層含以上有電梯),,十九層/三十層,房地(土地+建物),土:1 建:1車:0,2房2廳2衛,,無,有,住家用,預售屋雨遮不計價。含裝潢費;含傢俱設備費;預售屋、或土地及建物分件登記案件;,,
安德街６０巷１１號六樓,興森活A區,106/11/06,1085,37,29.3,51.86%,華廈(10層含以下有電梯),,六層/七層,房地(土地+建物),土:1 建:1車:0,2房2廳1衛,,有,無,住家用,建物第一次登記後移轉,,
中興路二段２０１號２樓之１,寶路生活館,106/11/06,800,46.1,17.34,51.96%,住宅大樓(11層含以上有電梯),16,二層/十七層,房地(土地+建物),土:1 建:1車:0,2房1廳1衛,,有,無,住家用,共有人數2人。含增建或未登記建物。含增建或未登記建物。;,,
建國路２９１巷８號２樓,,106/11/05,913,32.1,28.41,87.32%,公寓(5樓含以下無電梯),31,二層/五層,房地(土地+建物),土:2 建:1車:0,3房2廳2衛,,無,無,工業用,含增建或未登記建物含增建或未登記建物。;,,
華城二路２巷１號,,106/11/05,1520,0,31.36,,透天厝,28,全/二層,房地(土地+建物),土:3 建:1車:0,3房2廳2衛,,有,無,住家用,有增建含增建或未登記建物。;,,
安祥路１１０巷８１號五樓,綠野鴻福大F,106/11/05,380,16.7,22.78,84.54%,住宅大樓(11層含以上有電梯),22,五層/十六層,房地(土地+建物),土:1 建:1車:0,2房2廳1衛,,有,無,住家用,,,
達觀路２２巷１號９樓之５,達觀鎮達觀22巷,106/11/05,313,17.4,17.98,68.84%,住宅大樓(11層含以上有電梯),21,九層/十四層,房地(土地+建物),土:1 建:1車:0,2房2廳1衛,,有,無,住家用,,,
僑義路３５巷１２之１號,,106/11/05,860,0,29.64,,透天厝,33,全/三層,房地(土地+建物),土:1 建:1車:0,3房2廳2衛,,有,無,住家用,,,
大新街７巷１０號３樓,,106/11/05,875,41.7,20.98,100.00%,公寓(5樓含以下無電梯),41,三層/四層,房地(土地+建物),土:8 建:1車:0,3房2廳1衛,,無,無,住家用,含增建或未登記建物。含增建或未登記建物。;,,
北新路一段７６號十二樓之６,創新殿,106/11/04,1800,61.2,29.41,59.06%,住宅大樓(11層含以上有電梯),,十二層/三十層,房地(土地+建物),土:1 建:1車:0,2房2廳1衛,,無,有,住家用,預售屋雨遮不計價。含裝潢費;含傢俱設備費;預售屋、或土地及建物分件登記案件;,,
安民街３０７號１樓,,106/11/04,1380,46.2,29.89,100.00%,公寓(5樓含以下無電梯),36,"一層,平台,騎樓/五層",房地(土地+建物),土:1 建:1車:0,1房1廳1衛,,無,無,住商用,,,
北新路一段７６號十四樓之２,創新殿,106/11/03,1960,63.9,30.67,60.84%,住宅大樓(11層含以上有電梯),,十四層/三十層,房地(土地+建物),土:1 建:1車:0,2房2廳2衛,,無,有,住家用,預售屋雨遮不計價。含裝潢費;含傢俱設備費;預售屋、或土地及建物分件登記案件;,,
錦秀路４９巷８號,,106/11/03,636,28.8,22.05,88.75%,公寓(5樓含以下無電梯),36,一層/五層,房地(土地+建物),土:2 建:1車:0,3房2廳2衛,,有,無,住家用,含增建或未登記建物。含增建或未登記建物。;,,
寶元路一段８５巷１０號,,106/11/03,1000,40.5,24.66,100.00%,公寓(5樓含以下無電梯),40,一層/四層,房地(土地+建物),土:1 建:1車:0,3房2廳1衛,,無,無,住家用,親友、員工或其他特殊關係間之交易。 含增建。親友、員工或其他特殊關係間之交易。;含增建或未登記建物。;,,
北新路一段７６號十五樓之７,創新殿,106/11/02,1880,63.5,29.59,58.88%,住宅大樓(11層含以上有電梯),,十五層/三十層,房地(土地+建物),土:1 建:1車:0,2房2廳1衛,,無,有,住家用,預售屋雨遮不計價。含裝潢費;含傢俱設備費;預售屋、或土地及建物分件登記案件;,,
光華街５巷２４號三樓,,106/11/02,500,28.2,17.7,100.00%,公寓(5樓含以下無電梯),,三層/四層,房地(土地+建物),土:1 建:1車:0,2房2廳1衛,,無,無,住家用,親友、員工或其他特殊關係間之交易。,,
北新路一段７６號七樓之１,創新殿,106/11/02,1930,62.1,31.06,60.06%,住宅大樓(11層含以上有電梯),,七層/三十層,房地(土地+建物),土:1 建:1車:0,2房2廳2衛,,無,有,住家用,預售屋雨遮不計價。含裝潢費;含傢俱設備費;預售屋、或土地及建物分件登記案件;,,
大豐路４０號二樓,,106/11/02,880,40.4,21.78,100.00%,公寓(5樓含以下無電梯),,"二層,騎樓/四層",房地(土地+建物),土:1 建:1車:0,3房2廳1衛,,無,無,住家用,,,
安光路３６號十五樓,勝旺有境,106/11/02,1207,36.9,32.71,63.54%,住宅大樓(11層含以上有電梯),1,十五層/二十一層,房地(土地+建物),土:1 建:1車:0,2房2廳1衛,,有,無,住家用,建物第一次登記後移轉,,
中生路８３巷１２號地下層,,106/11/02,92.1,3.8,24.37,100.00%,公寓(5樓含以下無電梯),36,地下一層/四層,房地(土地+建物),土:1 建:1車:0,2房1廳2衛,,無,無,住家用,親友、員工或其他特殊關係間之交易。親友、員工或其他特殊關係間之交易。;,,
中央二街１０號五樓,尊榮皇家第六期華廈,106/11/02,700,20.4,34.32,84.06%,公寓(5樓含以下無電梯),34,五層/五層,房地(土地+建物),土:1 建:1車:0,3房1廳1衛,,無,無,住家用,親友、員工或其他特殊關係間之交易。親友、員工或其他特殊關係間之交易。;,,
安德街２號四樓,K6湛,106/11/01,1355,34.1,39.77,60.58%,住宅大樓(11層含以上有電梯),1,四層/十三層,房地(土地+建物),土:1 建:1車:0,3房2廳2衛,,有,無,住家用,建物第一次登記後移轉,,
安民街１５６巷２９號６樓,博覽天下,106/11/01,720,41,17.55,66.01%,住宅大樓(11層含以上有電梯),6,六層/十五層,房地(土地+建物),土:1 建:1車:0,2房2廳1衛,,有,無,住家用,,,
北新路一段７６號九樓之２,創新殿,106/11/01,1937,61.6,31.44,59.35%,住宅大樓(11層含以上有電梯),,九層/三十層,房地(土地+建物),土:1 建:1車:0,2房2廳2衛,,無,有,住家用,預售屋雨遮不計價。含裝潢費;含傢俱設備費;預售屋、或土地及建物分件登記案件;,,
溪園路３６５之３號５樓,湯泉美地,106/11/01,1000,47,21.3,64.15%,住宅大樓(11層含以上有電梯),14,五層/十四層,房地(土地+建物),土:1 建:1車:0,2房1廳1衛,,有,無,住家用,含增建或未登記建物。權利人共2人。含增建或未登記建物。;,,
青山路３９９巷３號,晴山匯,106/11/01,5421,0,108.43,,透天厝,2,全/三層,房地(土地+建物),土:2 建:1車:0,3房2廳2衛,,有,無,住家用,,,
青山路３９９巷５號,晴山匯,106/11/01,5502,0,110.04,,透天厝,2,全/三層,房地(土地+建物),土:2 建:1車:0,3房2廳2衛,,有,無,住家用,,,
永業路８１巷１３弄７號２樓,,106/11/01,450,16.7,26.91,83.62%,公寓(5樓含以下無電梯),36,二層/五層,房地(土地+建物),土:1 建:1車:0,3房2廳2衛,,無,無,住家用,含增建或未登記建物。含增建或未登記建物。;,,
中興路二段６７巷８號三樓,,106/11/01,750,29.6,25.36,100.00%,公寓(5樓含以下無電梯),,三層/四層,房地(土地+建物),土:1 建:1車:0,3房2廳2衛,,無,無,住家用,親友、員工或其他特殊關係間之交易。親友、員工或其他特殊關係間之交易。;,,
安成街２巷１號十三樓之９,風華,106/11/01,1200,32.6,36.77,61.85%,住宅大樓(11層含以上有電梯),3,十三層/十五層,房地(土地+建物),土:1 建:1車:0,3房2廳2衛,,有,無,住家用,,,
松林路３１號,,106/11/01,450,12.2,37.02,76.13%,公寓(5樓含以下無電梯),36,一層/二層,房地(土地+建物),土:1 建:1車:0,3房2廳2衛,,無,無,住家用,,,
